{
  "model_name": "bge-small-scifact-rrf",
  "base_model": "BAAI/bge-small-en-v1.5",
  "num_examples": 47241,
  "epochs": 5,
  "baseline_ndcg": 0.7200042547439368,
  "ft_ndcg": 0.7908535332518237,
  "delta": 0.07084927850788691,
  "ft_map": 0.7478732804232805,
  "ft_recall_10": 0.9113333333333332,
  "ft_recall_100": 0.9783333333333334,
  "ft_mrr": 0.7563650793650794
}